organ_id,organ_readiness_score,organ_profile_baseline_score,organ_structural_score,organ_operational_score,organ_trust_score,capped_by
ASTRONOMICON,64.55,100.0,100.0,63.0,10.0,[]
ADMINISTRATUM,59.65,100.0,100.0,49.0,10.0,[]
DOCTRINARIUM,47.75,100.0,100.0,15.0,10.0,[]
MECHANICUS,59.25,100.0,100.0,30.0,35.0,[]
INQUISITION,65.0,100.0,100.0,49.0,35.0,"[{""reason"": ""operational<50"", ""cap"": 65.0}]"
CUSTODES,47.75,100.0,100.0,15.0,10.0,[]
STRATEGIUM,47.75,100.0,100.0,15.0,10.0,[]
SCHOLA_IMPERIALIS,47.75,100.0,100.0,15.0,10.0,[]
OFFICIO_AGENTIS,57.55,100.0,100.0,43.0,10.0,[]
